COMMON_NAME,SPECIES_ITIS,STOCK_ABBREV,SEX_TYPE,PURPOSE_CODE,SURVEY,SEASON,YEAR,INDEX_TYPE,INDEX,CV,LOWER_90_CI,UPPER_90_CI,STRATA_SAMPLING_COMPLETE,INCOMPLETE_INDEX
GOOSEFISH,164499,NORTH,NONE,04,"NMFS Coop. Monkfish",WINTER,2001,"Abundance (numbers/tow)",19.6742,.139,15.289,24.124,N,19.6742
GOOSEFISH,164499,NORTH,NONE,04,"NMFS Coop. Monkfish",WINTER,2002,"Abundance (numbers/tow)",,,,,,
GOOSEFISH,164499,NORTH,NONE,04,"NMFS Coop. Monkfish",WINTER,2003,"Abundance (numbers/tow)",,,,,,
GOOSEFISH,164499,NORTH,NONE,04,"NMFS Coop. Monkfish",WINTER,2004,"Abundance (numbers/tow)",9.9144,.0591,8.964,10.898,N,9.9144
GOOSEFISH,164499,NORTH,NONE,04,"NMFS Coop. Monkfish",WINTER,2005,"Abundance (numbers/tow)",,,,,,
GOOSEFISH,164499,NORTH,NONE,04,"NMFS Coop. Monkfish",WINTER,2006,"Abundance (numbers/tow)",,,,,,
GOOSEFISH,164499,NORTH,NONE,04,"NMFS Coop. Monkfish",WINTER,2007,"Abundance (numbers/tow)",,,,,,
GOOSEFISH,164499,NORTH,NONE,04,"NMFS Coop. Monkfish",WINTER,2008,"Abundance (numbers/tow)",,,,,,
GOOSEFISH,164499,NORTH,NONE,04,"NMFS Coop. Monkfish",WINTER,2009,"Abundance (numbers/tow)",9.614,.092,8.2086,11.0556,N,9.614
GOOSEFISH,164499,NORTH,NONE,04,"NMFS Coop. Monkfish",WINTER,2010,"Abundance (numbers/tow)",,,,,,
GOOSEFISH,164499,NORTH,NONE,04,"NMFS Coop. Monkfish",WINTER,2011,"Abundance (numbers/tow)",,,,,,
GOOSEFISH,164499,NORTH,NONE,04,"NMFS Coop. Monkfish",WINTER,2012,"Abundance (numbers/tow)",,,,,,
GOOSEFISH,164499,NORTH,NONE,04,"NMFS Coop. Monkfish",WINTER,2013,"Abundance (numbers/tow)",,,,,,
GOOSEFISH,164499,NORTH,NONE,04,"NMFS Coop. Monkfish",WINTER,2014,"Abundance (numbers/tow)",,,,,,
GOOSEFISH,164499,NORTH,NONE,04,"NMFS Coop. Monkfish",WINTER,2015,"Abundance (numbers/tow)",,,,,,
GOOSEFISH,164499,NORTH,NONE,04,"NMFS Coop. Monkfish",WINTER,2016,"Abundance (numbers/tow)",,,,,,
GOOSEFISH,164499,NORTH,NONE,04,"NMFS Coop. Monkfish",WINTER,2017,"Abundance (numbers/tow)",,,,,,
GOOSEFISH,164499,NORTH,NONE,04,"NMFS Coop. Monkfish",WINTER,2018,"Abundance (numbers/tow)",,,,,,
GOOSEFISH,164499,NORTH,NONE,04,"NMFS Coop. Monkfish",WINTER,2019,"Abundance (numbers/tow)",,,,,,
GOOSEFISH,164499,NORTH,NONE,04,"NMFS Coop. Monkfish",WINTER,2020,"Abundance (numbers/tow)",,,,,,
GOOSEFISH,164499,NORTH,NONE,04,"NMFS Coop. Monkfish",WINTER,2021,"Abundance (numbers/tow)",,,,,,
GOOSEFISH,164499,NORTH,NONE,04,"NMFS Coop. Monkfish",WINTER,2022,"Abundance (numbers/tow)",,,,,,
GOOSEFISH,164499,NORTH,NONE,04,"NMFS Coop. Monkfish",WINTER,2023,"Abundance (numbers/tow)",,,,,,
GOOSEFISH,164499,NORTH,NONE,04,"NMFS Coop. Monkfish",WINTER,2024,"Abundance (numbers/tow)",,,,,,
GOOSEFISH,164499,NORTH,NONE,04,"NMFS Coop. Monkfish",WINTER,2025,"Abundance (numbers/tow)",,,,,,
GOOSEFISH,164499,NORTH,NONE,04,"NMFS Coop. Monkfish",WINTER,2026,"Abundance (numbers/tow)",,,,,,
GOOSEFISH,164499,NORTH,NONE,10,"NMFS fall BTS",FALL,1963,"Abundance (numbers/tow)",.8103,.152,.6029,1.0116,N,.8103
GOOSEFISH,164499,NORTH,NONE,10,"NMFS fall BTS",FALL,1964,"Abundance (numbers/tow)",.393,.1991,.2746,.5358,N,.393
GOOSEFISH,164499,NORTH,NONE,10,"NMFS fall BTS",FALL,1965,"Abundance (numbers/tow)",.3468,.1567,.2645,.4382,N,.3468
GOOSEFISH,164499,NORTH,NONE,10,"NMFS fall BTS",FALL,1966,"Abundance (numbers/tow)",.51,.1479,.3931,.6393,N,.51
GOOSEFISH,164499,NORTH,NONE,10,"NMFS fall BTS",FALL,1967,"Abundance (numbers/tow)",.1904,.2431,.1165,.2666,N,.1904
GOOSEFISH,164499,NORTH,NONE,10,"NMFS fall BTS",FALL,1968,"Abundance (numbers/tow)",.286,.2789,.1654,.4258,N,.286
GOOSEFISH,164499,NORTH,NONE,10,"NMFS fall BTS",FALL,1969,"Abundance (numbers/tow)",.4179,.1549,.3109,.5221,N,.4179
GOOSEFISH,164499,NORTH,NONE,10,"NMFS fall BTS",FALL,1970,"Abundance (numbers/tow)",.3971,.1998,.2722,.5389,N,.3971
GOOSEFISH,164499,NORTH,NONE,10,"NMFS fall BTS",FALL,1971,"Abundance (numbers/tow)",.4948,.1704,.3524,.6286,N,.4948
GOOSEFISH,164499,NORTH,NONE,10,"NMFS fall BTS",FALL,1972,"Abundance (numbers/tow)",.3189,.1886,.2186,.419,N,.3189
GOOSEFISH,164499,NORTH,NONE,10,"NMFS fall BTS",FALL,1973,"Abundance (numbers/tow)",.5329,.199,.3705,.7169,N,.5329
GOOSEFISH,164499,NORTH,NONE,10,"NMFS fall BTS",FALL,1974,"Abundance (numbers/tow)",.3181,.1944,.2158,.4234,N,.3181
GOOSEFISH,164499,NORTH,NONE,10,"NMFS fall BTS",FALL,1975,"Abundance (numbers/tow)",.2984,.1929,.2052,.3939,N,.2984
GOOSEFISH,164499,NORTH,NONE,10,"NMFS fall BTS",FALL,1976,"Abundance (numbers/tow)",.4232,.1997,.2937,.5639,N,.4232
GOOSEFISH,164499,NORTH,NONE,10,"NMFS fall BTS",FALL,1977,"Abundance (numbers/tow)",.6287,.1298,.4979,.7675,N,.6287
GOOSEFISH,164499,NORTH,NONE,10,"NMFS fall BTS",FALL,1978,"Abundance (numbers/tow)",.5829,.1246,.4652,.708,N,.5829
GOOSEFISH,164499,NORTH,NONE,10,"NMFS fall BTS",FALL,1979,"Abundance (numbers/tow)",.4793,.1222,.3841,.5754,N,.4793
GOOSEFISH,164499,NORTH,NONE,10,"NMFS fall BTS",FALL,1980,"Abundance (numbers/tow)",.5353,.1447,.4111,.6599,N,.5353
GOOSEFISH,164499,NORTH,NONE,10,"NMFS fall BTS",FALL,1981,"Abundance (numbers/tow)",.4053,.1355,.3135,.4952,N,.4053
GOOSEFISH,164499,NORTH,NONE,10,"NMFS fall BTS",FALL,1982,"Abundance (numbers/tow)",.1418,.2439,.0837,.1953,N,.1418
GOOSEFISH,164499,NORTH,NONE,10,"NMFS fall BTS",FALL,1983,"Abundance (numbers/tow)",.4703,.1772,.3419,.6151,N,.4703
GOOSEFISH,164499,NORTH,NONE,10,"NMFS fall BTS",FALL,1984,"Abundance (numbers/tow)",.4867,.128,.3845,.5833,N,.4867
GOOSEFISH,164499,NORTH,NONE,10,"NMFS fall BTS",FALL,1985,"Abundance (numbers/tow)",.3704,.2273,.2385,.5175,N,.3704
GOOSEFISH,164499,NORTH,NONE,10,"NMFS fall BTS",FALL,1986,"Abundance (numbers/tow)",.6032,.1677,.4382,.7695,N,.6032
GOOSEFISH,164499,NORTH,NONE,10,"NMFS fall BTS",FALL,1987,"Abundance (numbers/tow)",.2639,.2516,.1613,.3843,N,.2639
GOOSEFISH,164499,NORTH,NONE,10,"NMFS fall BTS",FALL,1988,"Abundance (numbers/tow)",.3132,.2726,.1786,.4695,N,.3132
GOOSEFISH,164499,NORTH,NONE,10,"NMFS fall BTS",FALL,1989,"Abundance (numbers/tow)",.427,.1704,.3111,.5507,N,.427
GOOSEFISH,164499,NORTH,NONE,10,"NMFS fall BTS",FALL,1990,"Abundance (numbers/tow)",.5906,.1498,.4445,.7343,N,.5906
GOOSEFISH,164499,NORTH,NONE,10,"NMFS fall BTS",FALL,1991,"Abundance (numbers/tow)",.581,.1586,.4304,.7228,N,.581
GOOSEFISH,164499,NORTH,NONE,10,"NMFS fall BTS",FALL,1992,"Abundance (numbers/tow)",.9449,.1612,.6993,1.1931,N,.9449
GOOSEFISH,164499,NORTH,NONE,10,"NMFS fall BTS",FALL,1993,"Abundance (numbers/tow)",1.0188,.1594,.7675,1.2883,N,1.0188
GOOSEFISH,164499,NORTH,NONE,10,"NMFS fall BTS",FALL,1994,"Abundance (numbers/tow)",1.3431,.1219,1.0886,1.6252,N,1.3431
GOOSEFISH,164499,NORTH,NONE,10,"NMFS fall BTS",FALL,1995,"Abundance (numbers/tow)",.9289,.1183,.7467,1.1038,N,.9289
GOOSEFISH,164499,NORTH,NONE,10,"NMFS fall BTS",FALL,1996,"Abundance (numbers/tow)",.634,.1638,.474,.8042,N,.634
GOOSEFISH,164499,NORTH,NONE,10,"NMFS fall BTS",FALL,1997,"Abundance (numbers/tow)",.4979,.1751,.3511,.6404,N,.4979
GOOSEFISH,164499,NORTH,NONE,10,"NMFS fall BTS",FALL,1998,"Abundance (numbers/tow)",.6228,.1848,.447,.8297,N,.6228
GOOSEFISH,164499,NORTH,NONE,10,"NMFS fall BTS",FALL,1999,"Abundance (numbers/tow)",1.0842,.1536,.839,1.3814,N,1.0842
GOOSEFISH,164499,NORTH,NONE,10,"NMFS fall BTS",FALL,2000,"Abundance (numbers/tow)",2.3357,.1354,1.8503,2.8714,N,2.3357
GOOSEFISH,164499,NORTH,NONE,10,"NMFS fall BTS",FALL,2001,"Abundance (numbers/tow)",1.6083,.1126,1.3139,1.9163,N,1.6083
GOOSEFISH,164499,NORTH,NONE,10,"NMFS fall BTS",FALL,2002,"Abundance (numbers/tow)",1.2833,.1298,1.0189,1.5554,N,1.2833
GOOSEFISH,164499,NORTH,NONE,10,"NMFS fall BTS",FALL,2003,"Abundance (numbers/tow)",1.0664,.1189,.8639,1.2671,N,1.0664
GOOSEFISH,164499,NORTH,NONE,10,"NMFS fall BTS",FALL,2004,"Abundance (numbers/tow)",.5205,.1899,.3704,.6898,N,.5205
GOOSEFISH,164499,NORTH,NONE,10,"NMFS fall BTS",FALL,2005,"Abundance (numbers/tow)",.5969,.1886,.4164,.7927,N,.5969
GOOSEFISH,164499,NORTH,NONE,10,"NMFS fall BTS",FALL,2006,"Abundance (numbers/tow)",.7701,.1531,.591,.975,N,.7701
GOOSEFISH,164499,NORTH,NONE,10,"NMFS fall BTS",FALL,2007,"Abundance (numbers/tow)",.6419,.1508,.4832,.8042,N,.6419
GOOSEFISH,164499,NORTH,NONE,10,"NMFS fall BTS",FALL,2008,"Abundance (numbers/tow)",.7942,.2173,.5158,1.085,N,.7942
GOOSEFISH,164499,NORTH,NONE,10,"NMFS fall BTS",FALL,2009,"Abundance (numbers/tow)",.3511,.1014,.2913,.4088,N,.3511
GOOSEFISH,164499,NORTH,NONE,10,"NMFS fall BTS",FALL,2010,"Abundance (numbers/tow)",.4768,.0889,.4101,.551,N,.4768
GOOSEFISH,164499,NORTH,NONE,10,"NMFS fall BTS",FALL,2011,"Abundance (numbers/tow)",.6188,.0652,.5514,.6829,N,.6188
GOOSEFISH,164499,NORTH,NONE,10,"NMFS fall BTS",FALL,2012,"Abundance (numbers/tow)",.6691,.0646,.5964,.7391,N,.6691
GOOSEFISH,164499,NORTH,NONE,10,"NMFS fall BTS",FALL,2013,"Abundance (numbers/tow)",.7049,.0656,.6291,.7824,N,.7049
GOOSEFISH,164499,NORTH,NONE,10,"NMFS fall BTS",FALL,2014,"Abundance (numbers/tow)",.8831,.0961,.7533,1.0311,N,.8831
GOOSEFISH,164499,NORTH,NONE,10,"NMFS fall BTS",FALL,2015,"Abundance (numbers/tow)",1.1384,.0865,.9788,1.3069,N,1.1384
GOOSEFISH,164499,NORTH,NONE,10,"NMFS fall BTS",FALL,2016,"Abundance (numbers/tow)",1.7927,.0768,1.5743,2.0293,N,1.7927
GOOSEFISH,164499,NORTH,NONE,10,"NMFS fall BTS",FALL,2017,"Abundance (numbers/tow)",1.4306,.0824,1.244,1.637,N,1.4306
GOOSEFISH,164499,NORTH,NONE,10,"NMFS fall BTS",FALL,2018,"Abundance (numbers/tow)",1.251,.0607,1.1307,1.3765,N,1.251
GOOSEFISH,164499,NORTH,NONE,10,"NMFS fall BTS",FALL,2019,"Abundance (numbers/tow)",1.2112,.0732,1.0638,1.3518,N,1.2112
GOOSEFISH,164499,NORTH,NONE,10,"NMFS fall BTS",FALL,2020,"Abundance (numbers/tow)",,,,,,
GOOSEFISH,164499,NORTH,NONE,10,"NMFS fall BTS",FALL,2021,"Abundance (numbers/tow)",1.3833,.0757,1.2093,1.5563,N,1.3833
GOOSEFISH,164499,NORTH,NONE,10,"NMFS fall BTS",FALL,2022,"Abundance (numbers/tow)",1.0748,.0979,.9032,1.2494,N,1.0748
GOOSEFISH,164499,NORTH,NONE,10,"NMFS fall BTS",FALL,2023,"Abundance (numbers/tow)",.7733,.0828,.6696,.876,N,.7733
GOOSEFISH,164499,NORTH,NONE,10,"NMFS fall BTS",FALL,2024,"Abundance (numbers/tow)",.7011,.1012,.5865,.8216,N,.7011
GOOSEFISH,164499,NORTH,NONE,10,"NMFS fall BTS",FALL,2025,"Abundance (numbers/tow)",.5798,.1588,.436,.7425,N,.5798
GOOSEFISH,164499,NORTH,NONE,10,"NMFS fall BTS",FALL,2026,"Abundance (numbers/tow)",,,,,,
GOOSEFISH,164499,NORTH,NONE,10,"NMFS spring BTS",SPRING,1968,"Abundance (numbers/tow)",.1683,.2827,.0881,.2499,N,.1683
GOOSEFISH,164499,NORTH,NONE,10,"NMFS spring BTS",SPRING,1969,"Abundance (numbers/tow)",.18,.3472,.0855,.2855,N,.18
GOOSEFISH,164499,NORTH,NONE,10,"NMFS spring BTS",SPRING,1970,"Abundance (numbers/tow)",.3444,.1698,.2514,.4367,N,.3444
GOOSEFISH,164499,NORTH,NONE,10,"NMFS spring BTS",SPRING,1971,"Abundance (numbers/tow)",.1615,.2806,.0925,.2421,N,.1615
GOOSEFISH,164499,NORTH,NONE,10,"NMFS spring BTS",SPRING,1972,"Abundance (numbers/tow)",.6508,.1502,.5031,.8241,N,.6508
GOOSEFISH,164499,NORTH,NONE,10,"NMFS spring BTS",SPRING,1973,"Abundance (numbers/tow)",.4371,.2198,.2804,.5961,N,.4371
GOOSEFISH,164499,NORTH,NONE,10,"NMFS spring BTS",SPRING,1974,"Abundance (numbers/tow)",.44,.1348,.3423,.5372,N,.44
GOOSEFISH,164499,NORTH,NONE,10,"NMFS spring BTS",SPRING,1975,"Abundance (numbers/tow)",.3409,.1444,.2642,.4266,N,.3409
GOOSEFISH,164499,NORTH,NONE,10,"NMFS spring BTS",SPRING,1976,"Abundance (numbers/tow)",.6669,.1277,.5309,.8094,N,.6669
GOOSEFISH,164499,NORTH,NONE,10,"NMFS spring BTS",SPRING,1977,"Abundance (numbers/tow)",.2593,.1844,.1831,.3387,N,.2593
GOOSEFISH,164499,NORTH,NONE,10,"NMFS spring BTS",SPRING,1978,"Abundance (numbers/tow)",.1407,.1567,.1066,.179,N,.1407
GOOSEFISH,164499,NORTH,NONE,10,"NMFS spring BTS",SPRING,1979,"Abundance (numbers/tow)",.139,.1347,.107,.1702,N,.139
GOOSEFISH,164499,NORTH,NONE,10,"NMFS spring BTS",SPRING,1980,"Abundance (numbers/tow)",.3826,.1374,.2954,.4718,N,.3826
GOOSEFISH,164499,NORTH,NONE,10,"NMFS spring BTS",SPRING,1981,"Abundance (numbers/tow)",.3756,.112,.3071,.4462,N,.3756
GOOSEFISH,164499,NORTH,NONE,10,"NMFS spring BTS",SPRING,1982,"Abundance (numbers/tow)",.3453,.2461,.2158,.4985,N,.3453
GOOSEFISH,164499,NORTH,NONE,10,"NMFS spring BTS",SPRING,1983,"Abundance (numbers/tow)",.4176,.2489,.258,.5947,N,.4176
GOOSEFISH,164499,NORTH,NONE,10,"NMFS spring BTS",SPRING,1984,"Abundance (numbers/tow)",.3312,.2244,.2183,.4591,N,.3312
GOOSEFISH,164499,NORTH,NONE,10,"NMFS spring BTS",SPRING,1985,"Abundance (numbers/tow)",.3461,.1983,.2382,.4595,N,.3461
GOOSEFISH,164499,NORTH,NONE,10,"NMFS spring BTS",SPRING,1986,"Abundance (numbers/tow)",.3407,.1912,.2329,.4521,N,.3407
GOOSEFISH,164499,NORTH,NONE,10,"NMFS spring BTS",SPRING,1987,"Abundance (numbers/tow)",.2449,.198,.1648,.3266,N,.2449
GOOSEFISH,164499,NORTH,NONE,10,"NMFS spring BTS",SPRING,1988,"Abundance (numbers/tow)",.6072,.1585,.4517,.7718,N,.6072
GOOSEFISH,164499,NORTH,NONE,10,"NMFS spring BTS",SPRING,1989,"Abundance (numbers/tow)",.6189,.2078,.4169,.8493,N,.6189
GOOSEFISH,164499,NORTH,NONE,10,"NMFS spring BTS",SPRING,1990,"Abundance (numbers/tow)",.2826,.2105,.1859,.3819,N,.2826
GOOSEFISH,164499,NORTH,NONE,10,"NMFS spring BTS",SPRING,1991,"Abundance (numbers/tow)",.5918,.1695,.4296,.7646,N,.5918
GOOSEFISH,164499,NORTH,NONE,10,"NMFS spring BTS",SPRING,1992,"Abundance (numbers/tow)",.4932,.3177,.2689,.7826,N,.4932
GOOSEFISH,164499,NORTH,NONE,10,"NMFS spring BTS",SPRING,1993,"Abundance (numbers/tow)",.6807,.1347,.5348,.8286,N,.6807
GOOSEFISH,164499,NORTH,NONE,10,"NMFS spring BTS",SPRING,1994,"Abundance (numbers/tow)",.4533,.1901,.3234,.5973,N,.4533
GOOSEFISH,164499,NORTH,NONE,10,"NMFS spring BTS",SPRING,1995,"Abundance (numbers/tow)",1.0091,.1721,.7401,1.3165,N,1.0091
GOOSEFISH,164499,NORTH,NONE,10,"NMFS spring BTS",SPRING,1996,"Abundance (numbers/tow)",.6655,.2292,.4293,.9475,N,.6655
GOOSEFISH,164499,NORTH,NONE,10,"NMFS spring BTS",SPRING,1997,"Abundance (numbers/tow)",.3418,.26,.2113,.4891,N,.3418
GOOSEFISH,164499,NORTH,NONE,10,"NMFS spring BTS",SPRING,1998,"Abundance (numbers/tow)",.4162,.1487,.3164,.5223,N,.4162
GOOSEFISH,164499,NORTH,NONE,10,"NMFS spring BTS",SPRING,1999,"Abundance (numbers/tow)",.8271,.1634,.6148,1.0644,N,.8271
GOOSEFISH,164499,NORTH,NONE,10,"NMFS spring BTS",SPRING,2000,"Abundance (numbers/tow)",1.1317,.1193,.9228,1.3544,N,1.1317
GOOSEFISH,164499,NORTH,NONE,10,"NMFS spring BTS",SPRING,2001,"Abundance (numbers/tow)",1.669,.1195,1.3357,1.9916,N,1.669
GOOSEFISH,164499,NORTH,NONE,10,"NMFS spring BTS",SPRING,2002,"Abundance (numbers/tow)",1.7433,.1045,1.4457,2.038,N,1.7433
GOOSEFISH,164499,NORTH,NONE,10,"NMFS spring BTS",SPRING,2003,"Abundance (numbers/tow)",.8133,.2019,.5675,1.1049,N,.8133
GOOSEFISH,164499,NORTH,NONE,10,"NMFS spring BTS",SPRING,2004,"Abundance (numbers/tow)",.9073,.1649,.6649,1.1624,N,.9073
GOOSEFISH,164499,NORTH,NONE,10,"NMFS spring BTS",SPRING,2005,"Abundance (numbers/tow)",.7181,.1558,.5431,.9165,N,.7181
GOOSEFISH,164499,NORTH,NONE,10,"NMFS spring BTS",SPRING,2006,"Abundance (numbers/tow)",.3672,.2607,.2228,.5381,N,.3672
GOOSEFISH,164499,NORTH,NONE,10,"NMFS spring BTS",SPRING,2007,"Abundance (numbers/tow)",.5484,.2401,.3455,.7821,N,.5484
GOOSEFISH,164499,NORTH,NONE,10,"NMFS spring BTS",SPRING,2008,"Abundance (numbers/tow)",.6735,.1653,.4927,.8615,N,.6735
GOOSEFISH,164499,NORTH,NONE,10,"NMFS spring BTS",SPRING,2009,"Abundance (numbers/tow)",.2915,.1022,.2437,.3405,N,.2915
GOOSEFISH,164499,NORTH,NONE,10,"NMFS spring BTS",SPRING,2010,"Abundance (numbers/tow)",.333,.1348,.2627,.4109,N,.333
GOOSEFISH,164499,NORTH,NONE,10,"NMFS spring BTS",SPRING,2011,"Abundance (numbers/tow)",.416,.1329,.3246,.5045,N,.416
GOOSEFISH,164499,NORTH,NONE,10,"NMFS spring BTS",SPRING,2012,"Abundance (numbers/tow)",.4985,.1345,.3905,.613,N,.4985
GOOSEFISH,164499,NORTH,NONE,10,"NMFS spring BTS",SPRING,2013,"Abundance (numbers/tow)",.5211,.0661,.4635,.5742,N,.5211
GOOSEFISH,164499,NORTH,NONE,10,"NMFS spring BTS",SPRING,2014,"Abundance (numbers/tow)",.5525,.1149,.4471,.6573,N,.5525
GOOSEFISH,164499,NORTH,NONE,10,"NMFS spring BTS",SPRING,2015,"Abundance (numbers/tow)",.5076,.0997,.4243,.596,N,.5076
GOOSEFISH,164499,NORTH,NONE,10,"NMFS spring BTS",SPRING,2016,"Abundance (numbers/tow)",.6267,.0666,.5598,.6964,N,.6267
GOOSEFISH,164499,NORTH,NONE,10,"NMFS spring BTS",SPRING,2017,"Abundance (numbers/tow)",.6024,.1023,.5014,.703,N,.6024
GOOSEFISH,164499,NORTH,NONE,10,"NMFS spring BTS",SPRING,2018,"Abundance (numbers/tow)",.9741,.0788,.849,1.0935,N,.9741
GOOSEFISH,164499,NORTH,NONE,10,"NMFS spring BTS",SPRING,2019,"Abundance (numbers/tow)",.741,.0789,.6478,.8376,N,.741
GOOSEFISH,164499,NORTH,NONE,10,"NMFS spring BTS",SPRING,2020,"Abundance (numbers/tow)",,,,,,
GOOSEFISH,164499,NORTH,NONE,10,"NMFS spring BTS",SPRING,2021,"Abundance (numbers/tow)",.7041,.0637,.6303,.7743,N,.7041
GOOSEFISH,164499,NORTH,NONE,10,"NMFS spring BTS",SPRING,2022,"Abundance (numbers/tow)",.6229,.067,.552,.6886,N,.6229
GOOSEFISH,164499,NORTH,NONE,10,"NMFS spring BTS",SPRING,2023,"Abundance (numbers/tow)",,,,,,
GOOSEFISH,164499,NORTH,NONE,10,"NMFS spring BTS",SPRING,2024,"Abundance (numbers/tow)",.9214,.122,.7483,1.1102,N,.9214
GOOSEFISH,164499,NORTH,NONE,10,"NMFS spring BTS",SPRING,2025,"Abundance (numbers/tow)",.7313,.091,.6221,.8373,N,.7313
GOOSEFISH,164499,NORTH,NONE,10,"NMFS spring BTS",SPRING,2026,"Abundance (numbers/tow)",.4425,.1679,.328,.5735,N,.4425
GOOSEFISH,164499,NORTH,NONE,40,"ASMFC shrimp",SUMMER,1984,"Abundance (numbers/tow)",0,,0,0,N,0
GOOSEFISH,164499,NORTH,NONE,40,"ASMFC shrimp",SUMMER,1985,"Abundance (numbers/tow)",1.7621,.2112,1.1533,2.3894,Y,
GOOSEFISH,164499,NORTH,NONE,40,"ASMFC shrimp",SUMMER,1986,"Abundance (numbers/tow)",.3489,.5289,.0571,.6408,Y,
GOOSEFISH,164499,NORTH,NONE,40,"ASMFC shrimp",SUMMER,1987,"Abundance (numbers/tow)",2.0459,.1225,1.6396,2.4818,Y,
GOOSEFISH,164499,NORTH,NONE,40,"ASMFC shrimp",SUMMER,1988,"Abundance (numbers/tow)",0,,0,0,Y,
GOOSEFISH,164499,NORTH,NONE,40,"ASMFC shrimp",SUMMER,1989,"Abundance (numbers/tow)",.9443,.2497,.5746,1.3656,Y,
GOOSEFISH,164499,NORTH,NONE,40,"ASMFC shrimp",SUMMER,1990,"Abundance (numbers/tow)",.7713,.1528,.5772,.9582,Y,
GOOSEFISH,164499,NORTH,NONE,40,"ASMFC shrimp",SUMMER,1991,"Abundance (numbers/tow)",2.8793,.099,2.4289,3.3505,Y,
GOOSEFISH,164499,NORTH,NONE,40,"ASMFC shrimp",SUMMER,1992,"Abundance (numbers/tow)",2.905,.0994,2.4322,3.3981,Y,
GOOSEFISH,164499,NORTH,NONE,40,"ASMFC shrimp",SUMMER,1993,"Abundance (numbers/tow)",3.6994,.1298,2.8981,4.5139,Y,
GOOSEFISH,164499,NORTH,NONE,40,"ASMFC shrimp",SUMMER,1994,"Abundance (numbers/tow)",3.4228,.1278,2.6939,4.1526,Y,
GOOSEFISH,164499,NORTH,NONE,40,"ASMFC shrimp",SUMMER,1995,"Abundance (numbers/tow)",2.0787,.1821,1.4562,2.7293,Y,
GOOSEFISH,164499,NORTH,NONE,40,"ASMFC shrimp",SUMMER,1996,"Abundance (numbers/tow)",2.9881,.1345,2.3455,3.6835,Y,
GOOSEFISH,164499,NORTH,NONE,40,"ASMFC shrimp",SUMMER,1997,"Abundance (numbers/tow)",1.5732,.1394,1.1952,1.9407,Y,
GOOSEFISH,164499,NORTH,NONE,40,"ASMFC shrimp",SUMMER,1998,"Abundance (numbers/tow)",2.124,.1279,1.6872,2.5599,Y,
GOOSEFISH,164499,NORTH,NONE,40,"ASMFC shrimp",SUMMER,1999,"Abundance (numbers/tow)",6.907,.0869,5.9244,7.9128,Y,
GOOSEFISH,164499,NORTH,NONE,40,"ASMFC shrimp",SUMMER,2000,"Abundance (numbers/tow)",5.7213,.1225,4.6149,6.9185,Y,
GOOSEFISH,164499,NORTH,NONE,40,"ASMFC shrimp",SUMMER,2001,"Abundance (numbers/tow)",10.8865,.0947,9.2367,12.5838,Y,
GOOSEFISH,164499,NORTH,NONE,40,"ASMFC shrimp",SUMMER,2002,"Abundance (numbers/tow)",11.6546,.0838,10.0873,13.3077,Y,
GOOSEFISH,164499,NORTH,NONE,40,"ASMFC shrimp",SUMMER,2003,"Abundance (numbers/tow)",5.979,.1226,4.8228,7.1348,Y,
GOOSEFISH,164499,NORTH,NONE,40,"ASMFC shrimp",SUMMER,2004,"Abundance (numbers/tow)",3.3796,.096,2.8714,3.9243,Y,
GOOSEFISH,164499,NORTH,NONE,40,"ASMFC shrimp",SUMMER,2005,"Abundance (numbers/tow)",5.2505,.0978,4.4457,6.0862,Y,
GOOSEFISH,164499,NORTH,NONE,40,"ASMFC shrimp",SUMMER,2006,"Abundance (numbers/tow)",4.3064,.0728,3.7997,4.8076,Y,
GOOSEFISH,164499,NORTH,NONE,40,"ASMFC shrimp",SUMMER,2007,"Abundance (numbers/tow)",4.4575,.1293,3.5338,5.457,Y,
GOOSEFISH,164499,NORTH,NONE,40,"ASMFC shrimp",SUMMER,2008,"Abundance (numbers/tow)",2.8186,.1173,2.2853,3.3601,Y,
GOOSEFISH,164499,NORTH,NONE,40,"ASMFC shrimp",SUMMER,2009,"Abundance (numbers/tow)",3.1152,.1158,2.5739,3.7896,Y,
GOOSEFISH,164499,NORTH,NONE,40,"ASMFC shrimp",SUMMER,2010,"Abundance (numbers/tow)",2.5366,.1435,1.9564,3.1596,Y,
GOOSEFISH,164499,NORTH,NONE,40,"ASMFC shrimp",SUMMER,2011,"Abundance (numbers/tow)",2.2535,.0929,1.9254,2.6142,Y,
GOOSEFISH,164499,NORTH,NONE,40,"ASMFC shrimp",SUMMER,2012,"Abundance (numbers/tow)",3.5464,.1203,2.8733,4.266,Y,
GOOSEFISH,164499,NORTH,NONE,40,"ASMFC shrimp",SUMMER,2013,"Abundance (numbers/tow)",4.1275,.1337,3.2618,5.0787,Y,
GOOSEFISH,164499,NORTH,NONE,40,"ASMFC shrimp",SUMMER,2014,"Abundance (numbers/tow)",4.9427,.0898,4.2351,5.7239,Y,
GOOSEFISH,164499,NORTH,NONE,40,"ASMFC shrimp",SUMMER,2015,"Abundance (numbers/tow)",2.7627,.21,1.8288,3.7126,Y,
GOOSEFISH,164499,NORTH,NONE,40,"ASMFC shrimp",SUMMER,2016,"Abundance (numbers/tow)",6.6063,.0721,5.8289,7.3531,Y,
GOOSEFISH,164499,NORTH,NONE,40,"ASMFC shrimp",SUMMER,2017,"Abundance (numbers/tow)",4.6298,.0961,3.9467,5.3901,Y,
GOOSEFISH,164499,NORTH,NONE,40,"ASMFC shrimp",SUMMER,2018,"Abundance (numbers/tow)",4.8835,.127,3.965,5.9571,N,4.8835
GOOSEFISH,164499,NORTH,NONE,40,"ASMFC shrimp",SUMMER,2019,"Abundance (numbers/tow)",3.8684,.1129,3.1881,4.6185,Y,
GOOSEFISH,164499,NORTH,NONE,40,"ASMFC shrimp",SUMMER,2020,"Abundance (numbers/tow)",,,,,,
GOOSEFISH,164499,NORTH,NONE,40,"ASMFC shrimp",SUMMER,2021,"Abundance (numbers/tow)",4.9643,.0947,4.1901,5.7633,Y,
GOOSEFISH,164499,NORTH,NONE,40,"ASMFC shrimp",SUMMER,2022,"Abundance (numbers/tow)",3.0255,.1039,2.5309,3.5502,Y,
GOOSEFISH,164499,NORTH,NONE,40,"ASMFC shrimp",SUMMER,2023,"Abundance (numbers/tow)",4.0644,.0906,3.4795,4.7237,Y,
GOOSEFISH,164499,NORTH,NONE,40,"ASMFC shrimp",SUMMER,2024,"Abundance (numbers/tow)",,,,,,
GOOSEFISH,164499,NORTH,NONE,40,"ASMFC shrimp",SUMMER,2025,"Abundance (numbers/tow)",,,,,,
GOOSEFISH,164499,NORTH,NONE,40,"ASMFC shrimp",SUMMER,2026,"Abundance (numbers/tow)",,,,,,
GOOSEFISH,164499,NORTH,NONE,04,"NMFS Coop. Monkfish",WINTER,2001,"Biomass (kg/tow)",24.9085,.1478,18.7143,30.7797,N,24.9085
GOOSEFISH,164499,NORTH,NONE,04,"NMFS Coop. Monkfish",WINTER,2002,"Biomass (kg/tow)",,,,,,
GOOSEFISH,164499,NORTH,NONE,04,"NMFS Coop. Monkfish",WINTER,2003,"Biomass (kg/tow)",,,,,,
GOOSEFISH,164499,NORTH,NONE,04,"NMFS Coop. Monkfish",WINTER,2004,"Biomass (kg/tow)",21.1166,.061,19.0294,23.2444,N,21.1166
GOOSEFISH,164499,NORTH,NONE,04,"NMFS Coop. Monkfish",WINTER,2005,"Biomass (kg/tow)",,,,,,
GOOSEFISH,164499,NORTH,NONE,04,"NMFS Coop. Monkfish",WINTER,2006,"Biomass (kg/tow)",,,,,,
GOOSEFISH,164499,NORTH,NONE,04,"NMFS Coop. Monkfish",WINTER,2007,"Biomass (kg/tow)",,,,,,
GOOSEFISH,164499,NORTH,NONE,04,"NMFS Coop. Monkfish",WINTER,2008,"Biomass (kg/tow)",,,,,,
GOOSEFISH,164499,NORTH,NONE,04,"NMFS Coop. Monkfish",WINTER,2009,"Biomass (kg/tow)",16.1277,.1169,13.0345,19.2557,N,16.1277
GOOSEFISH,164499,NORTH,NONE,04,"NMFS Coop. Monkfish",WINTER,2010,"Biomass (kg/tow)",,,,,,
GOOSEFISH,164499,NORTH,NONE,04,"NMFS Coop. Monkfish",WINTER,2011,"Biomass (kg/tow)",,,,,,
GOOSEFISH,164499,NORTH,NONE,04,"NMFS Coop. Monkfish",WINTER,2012,"Biomass (kg/tow)",,,,,,
GOOSEFISH,164499,NORTH,NONE,04,"NMFS Coop. Monkfish",WINTER,2013,"Biomass (kg/tow)",,,,,,
GOOSEFISH,164499,NORTH,NONE,04,"NMFS Coop. Monkfish",WINTER,2014,"Biomass (kg/tow)",,,,,,
GOOSEFISH,164499,NORTH,NONE,04,"NMFS Coop. Monkfish",WINTER,2015,"Biomass (kg/tow)",,,,,,
GOOSEFISH,164499,NORTH,NONE,04,"NMFS Coop. Monkfish",WINTER,2016,"Biomass (kg/tow)",,,,,,
GOOSEFISH,164499,NORTH,NONE,04,"NMFS Coop. Monkfish",WINTER,2017,"Biomass (kg/tow)",,,,,,
GOOSEFISH,164499,NORTH,NONE,04,"NMFS Coop. Monkfish",WINTER,2018,"Biomass (kg/tow)",,,,,,
GOOSEFISH,164499,NORTH,NONE,04,"NMFS Coop. Monkfish",WINTER,2019,"Biomass (kg/tow)",,,,,,
GOOSEFISH,164499,NORTH,NONE,04,"NMFS Coop. Monkfish",WINTER,2020,"Biomass (kg/tow)",,,,,,
GOOSEFISH,164499,NORTH,NONE,04,"NMFS Coop. Monkfish",WINTER,2021,"Biomass (kg/tow)",,,,,,
GOOSEFISH,164499,NORTH,NONE,04,"NMFS Coop. Monkfish",WINTER,2022,"Biomass (kg/tow)",,,,,,
GOOSEFISH,164499,NORTH,NONE,04,"NMFS Coop. Monkfish",WINTER,2023,"Biomass (kg/tow)",,,,,,
GOOSEFISH,164499,NORTH,NONE,04,"NMFS Coop. Monkfish",WINTER,2024,"Biomass (kg/tow)",,,,,,
GOOSEFISH,164499,NORTH,NONE,04,"NMFS Coop. Monkfish",WINTER,2025,"Biomass (kg/tow)",,,,,,
GOOSEFISH,164499,NORTH,NONE,04,"NMFS Coop. Monkfish",WINTER,2026,"Biomass (kg/tow)",,,,,,
GOOSEFISH,164499,NORTH,NONE,10,"NMFS fall BTS",FALL,1963,"Biomass (kg/tow)",3.7875,.1713,2.793,4.9155,N,3.7875
GOOSEFISH,164499,NORTH,NONE,10,"NMFS fall BTS",FALL,1964,"Biomass (kg/tow)",1.8919,.1964,1.2742,2.5153,N,1.8919
GOOSEFISH,164499,NORTH,NONE,10,"NMFS fall BTS",FALL,1965,"Biomass (kg/tow)",2.5243,.1986,1.7499,3.3604,N,2.5243
GOOSEFISH,164499,NORTH,NONE,10,"NMFS fall BTS",FALL,1966,"Biomass (kg/tow)",3.3288,.1564,2.5068,4.2066,N,3.3288
GOOSEFISH,164499,NORTH,NONE,10,"NMFS fall BTS",FALL,1967,"Biomass (kg/tow)",1.2379,.3056,.6611,1.8527,N,1.2379
GOOSEFISH,164499,NORTH,NONE,10,"NMFS fall BTS",FALL,1968,"Biomass (kg/tow)",2.0504,.3537,1.0417,3.353,N,2.0504
GOOSEFISH,164499,NORTH,NONE,10,"NMFS fall BTS",FALL,1969,"Biomass (kg/tow)",3.6933,.2324,2.2944,5.061,N,3.6933
GOOSEFISH,164499,NORTH,NONE,10,"NMFS fall BTS",FALL,1970,"Biomass (kg/tow)",2.3238,.2628,1.3644,3.4509,N,2.3238
GOOSEFISH,164499,NORTH,NONE,10,"NMFS fall BTS",FALL,1971,"Biomass (kg/tow)",2.9021,.218,1.8792,3.9198,N,2.9021
GOOSEFISH,164499,NORTH,NONE,10,"NMFS fall BTS",FALL,1972,"Biomass (kg/tow)",1.3913,.2549,.8478,1.9965,N,1.3913
GOOSEFISH,164499,NORTH,NONE,10,"NMFS fall BTS",FALL,1973,"Biomass (kg/tow)",3.1939,.211,2.0802,4.3057,N,3.1939
GOOSEFISH,164499,NORTH,NONE,10,"NMFS fall BTS",FALL,1974,"Biomass (kg/tow)",2.0236,.2137,1.3479,2.7417,N,2.0236
GOOSEFISH,164499,NORTH,NONE,10,"NMFS fall BTS",FALL,1975,"Biomass (kg/tow)",1.7078,.1981,1.1503,2.2324,N,1.7078
GOOSEFISH,164499,NORTH,NONE,10,"NMFS fall BTS",FALL,1976,"Biomass (kg/tow)",3.2246,.2198,2.1327,4.4536,N,3.2246
GOOSEFISH,164499,NORTH,NONE,10,"NMFS fall BTS",FALL,1977,"Biomass (kg/tow)",5.4286,.1819,3.907,7.1805,N,5.4286
GOOSEFISH,164499,NORTH,NONE,10,"NMFS fall BTS",FALL,1978,"Biomass (kg/tow)",4.7251,.1367,3.7345,5.8292,N,4.7251
GOOSEFISH,164499,NORTH,NONE,10,"NMFS fall BTS",FALL,1979,"Biomass (kg/tow)",4.9051,.1491,3.7584,6.2545,N,4.9051
GOOSEFISH,164499,NORTH,NONE,10,"NMFS fall BTS",FALL,1980,"Biomass (kg/tow)",4.0409,.2024,2.708,5.4419,N,4.0409
GOOSEFISH,164499,NORTH,NONE,10,"NMFS fall BTS",FALL,1981,"Biomass (kg/tow)",1.9836,.1815,1.4513,2.5958,N,1.9836
GOOSEFISH,164499,NORTH,NONE,10,"NMFS fall BTS",FALL,1982,"Biomass (kg/tow)",.9368,.282,.5254,1.3493,N,.9368
GOOSEFISH,164499,NORTH,NONE,10,"NMFS fall BTS",FALL,1983,"Biomass (kg/tow)",1.606,.1897,1.1187,2.1184,N,1.606
GOOSEFISH,164499,NORTH,NONE,10,"NMFS fall BTS",FALL,1984,"Biomass (kg/tow)",2.8241,.2003,1.9264,3.797,N,2.8241
GOOSEFISH,164499,NORTH,NONE,10,"NMFS fall BTS",FALL,1985,"Biomass (kg/tow)",1.4763,.3535,.6842,2.4031,N,1.4763
GOOSEFISH,164499,NORTH,NONE,10,"NMFS fall BTS",FALL,1986,"Biomass (kg/tow)",2.2337,.2054,1.5033,2.9988,N,2.2337
GOOSEFISH,164499,NORTH,NONE,10,"NMFS fall BTS",FALL,1987,"Biomass (kg/tow)",.8774,.3074,.4725,1.3712,N,.8774
GOOSEFISH,164499,NORTH,NONE,10,"NMFS fall BTS",FALL,1988,"Biomass (kg/tow)",1.5256,.3189,.781,2.4063,N,1.5256
GOOSEFISH,164499,NORTH,NONE,10,"NMFS fall BTS",FALL,1989,"Biomass (kg/tow)",1.3237,.2823,.7428,1.9653,N,1.3237
GOOSEFISH,164499,NORTH,NONE,10,"NMFS fall BTS",FALL,1990,"Biomass (kg/tow)",1.0089,.2646,.6064,1.4853,N,1.0089
GOOSEFISH,164499,NORTH,NONE,10,"NMFS fall BTS",FALL,1991,"Biomass (kg/tow)",1.2014,.2326,.7802,1.6477,N,1.2014
GOOSEFISH,164499,NORTH,NONE,10,"NMFS fall BTS",FALL,1992,"Biomass (kg/tow)",1.1179,.2252,.7263,1.5396,N,1.1179
GOOSEFISH,164499,NORTH,NONE,10,"NMFS fall BTS",FALL,1993,"Biomass (kg/tow)",1.1027,.3307,.5888,1.7532,N,1.1027
GOOSEFISH,164499,NORTH,NONE,10,"NMFS fall BTS",FALL,1994,"Biomass (kg/tow)",.901,.2281,.5993,1.2796,N,.901
GOOSEFISH,164499,NORTH,NONE,10,"NMFS fall BTS",FALL,1995,"Biomass (kg/tow)",1.6011,.2313,1.03,2.2364,N,1.6011
GOOSEFISH,164499,NORTH,NONE,10,"NMFS fall BTS",FALL,1996,"Biomass (kg/tow)",1.0709,.2547,.655,1.5319,N,1.0709
GOOSEFISH,164499,NORTH,NONE,10,"NMFS fall BTS",FALL,1997,"Biomass (kg/tow)",.6677,.23,.4237,.927,N,.6677
GOOSEFISH,164499,NORTH,NONE,10,"NMFS fall BTS",FALL,1998,"Biomass (kg/tow)",.9553,.2077,.6378,1.2635,N,.9553
GOOSEFISH,164499,NORTH,NONE,10,"NMFS fall BTS",FALL,1999,"Biomass (kg/tow)",.7783,.2322,.4962,1.087,N,.7783
GOOSEFISH,164499,NORTH,NONE,10,"NMFS fall BTS",FALL,2000,"Biomass (kg/tow)",2.413,.1955,1.6736,3.1944,N,2.413
GOOSEFISH,164499,NORTH,NONE,10,"NMFS fall BTS",FALL,2001,"Biomass (kg/tow)",1.8404,.1584,1.3869,2.3391,N,1.8404
GOOSEFISH,164499,NORTH,NONE,10,"NMFS fall BTS",FALL,2002,"Biomass (kg/tow)",1.8259,.1656,1.3307,2.3462,N,1.8259
GOOSEFISH,164499,NORTH,NONE,10,"NMFS fall BTS",FALL,2003,"Biomass (kg/tow)",1.8074,.1752,1.2803,2.3119,N,1.8074
GOOSEFISH,164499,NORTH,NONE,10,"NMFS fall BTS",FALL,2004,"Biomass (kg/tow)",.6387,.2617,.3733,.9265,N,.6387
GOOSEFISH,164499,NORTH,NONE,10,"NMFS fall BTS",FALL,2005,"Biomass (kg/tow)",1.0065,.2312,.6258,1.3854,N,1.0065
GOOSEFISH,164499,NORTH,NONE,10,"NMFS fall BTS",FALL,2006,"Biomass (kg/tow)",1.0367,.2256,.6485,1.4044,N,1.0367
GOOSEFISH,164499,NORTH,NONE,10,"NMFS fall BTS",FALL,2007,"Biomass (kg/tow)",1.0788,.29,.6131,1.6162,N,1.0788
GOOSEFISH,164499,NORTH,NONE,10,"NMFS fall BTS",FALL,2008,"Biomass (kg/tow)",.9853,.2882,.5509,1.4862,N,.9853
GOOSEFISH,164499,NORTH,NONE,10,"NMFS fall BTS",FALL,2009,"Biomass (kg/tow)",.3967,.1615,.3003,.4998,N,.3967
GOOSEFISH,164499,NORTH,NONE,10,"NMFS fall BTS",FALL,2010,"Biomass (kg/tow)",.5911,.1378,.458,.7258,N,.5911
GOOSEFISH,164499,NORTH,NONE,10,"NMFS fall BTS",FALL,2011,"Biomass (kg/tow)",.8241,.144,.6365,1.0259,N,.8241
GOOSEFISH,164499,NORTH,NONE,10,"NMFS fall BTS",FALL,2012,"Biomass (kg/tow)",.7872,.1087,.648,.9275,N,.7872
GOOSEFISH,164499,NORTH,NONE,10,"NMFS fall BTS",FALL,2013,"Biomass (kg/tow)",.5984,.1145,.4905,.7139,N,.5984
GOOSEFISH,164499,NORTH,NONE,10,"NMFS fall BTS",FALL,2014,"Biomass (kg/tow)",.6939,.0847,.5972,.7953,N,.6939
GOOSEFISH,164499,NORTH,NONE,10,"NMFS fall BTS",FALL,2015,"Biomass (kg/tow)",1.0588,.1134,.8715,1.2615,N,1.0588
GOOSEFISH,164499,NORTH,NONE,10,"NMFS fall BTS",FALL,2016,"Biomass (kg/tow)",1.4708,.1078,1.2194,1.7242,N,1.4708
GOOSEFISH,164499,NORTH,NONE,10,"NMFS fall BTS",FALL,2017,"Biomass (kg/tow)",1.7464,.0852,1.5173,2.0222,N,1.7464
GOOSEFISH,164499,NORTH,NONE,10,"NMFS fall BTS",FALL,2018,"Biomass (kg/tow)",2.1099,.0713,1.8653,2.359,N,2.1099
GOOSEFISH,164499,NORTH,NONE,10,"NMFS fall BTS",FALL,2019,"Biomass (kg/tow)",1.5151,.0899,1.2958,1.7458,N,1.5151
GOOSEFISH,164499,NORTH,NONE,10,"NMFS fall BTS",FALL,2020,"Biomass (kg/tow)",,,,,,
GOOSEFISH,164499,NORTH,NONE,10,"NMFS fall BTS",FALL,2021,"Biomass (kg/tow)",1.2224,.0856,1.0514,1.3893,N,1.2224
GOOSEFISH,164499,NORTH,NONE,10,"NMFS fall BTS",FALL,2022,"Biomass (kg/tow)",1.2406,.1415,.96,1.5259,N,1.2406
GOOSEFISH,164499,NORTH,NONE,10,"NMFS fall BTS",FALL,2023,"Biomass (kg/tow)",1.2865,.0956,1.0864,1.4993,N,1.2865
GOOSEFISH,164499,NORTH,NONE,10,"NMFS fall BTS",FALL,2024,"Biomass (kg/tow)",1.3245,.1428,1.0157,1.6392,N,1.3245
GOOSEFISH,164499,NORTH,NONE,10,"NMFS fall BTS",FALL,2025,"Biomass (kg/tow)",.9808,.1372,.7543,1.2073,N,.9808
GOOSEFISH,164499,NORTH,NONE,10,"NMFS fall BTS",FALL,2026,"Biomass (kg/tow)",,,,,,
GOOSEFISH,164499,NORTH,NONE,10,"NMFS spring BTS",SPRING,1968,"Biomass (kg/tow)",1.0065,.3234,.4978,1.5798,N,1.0065
GOOSEFISH,164499,NORTH,NONE,10,"NMFS spring BTS",SPRING,1969,"Biomass (kg/tow)",1.3414,.4132,.5221,2.317,N,1.3414
GOOSEFISH,164499,NORTH,NONE,10,"NMFS spring BTS",SPRING,1970,"Biomass (kg/tow)",2.0204,.2642,1.1715,2.9311,N,2.0204
GOOSEFISH,164499,NORTH,NONE,10,"NMFS spring BTS",SPRING,1971,"Biomass (kg/tow)",1.0479,.2772,.6096,1.5505,N,1.0479
GOOSEFISH,164499,NORTH,NONE,10,"NMFS spring BTS",SPRING,1972,"Biomass (kg/tow)",4.6255,.1554,3.5171,5.8929,N,4.6255
GOOSEFISH,164499,NORTH,NONE,10,"NMFS spring BTS",SPRING,1973,"Biomass (kg/tow)",1.8853,.202,1.2622,2.5327,N,1.8853
GOOSEFISH,164499,NORTH,NONE,10,"NMFS spring BTS",SPRING,1974,"Biomass (kg/tow)",1.4919,.1957,1.0026,1.9494,N,1.4919
GOOSEFISH,164499,NORTH,NONE,10,"NMFS spring BTS",SPRING,1975,"Biomass (kg/tow)",.9417,.1594,.6987,1.2107,N,.9417
GOOSEFISH,164499,NORTH,NONE,10,"NMFS spring BTS",SPRING,1976,"Biomass (kg/tow)",2.5068,.1337,1.9753,3.0577,N,2.5068
GOOSEFISH,164499,NORTH,NONE,10,"NMFS spring BTS",SPRING,1977,"Biomass (kg/tow)",.9322,.1707,.6652,1.193,N,.9322
GOOSEFISH,164499,NORTH,NONE,10,"NMFS spring BTS",SPRING,1978,"Biomass (kg/tow)",.5647,.1935,.3959,.7594,N,.5647
GOOSEFISH,164499,NORTH,NONE,10,"NMFS spring BTS",SPRING,1979,"Biomass (kg/tow)",.6705,.2066,.4576,.9021,N,.6705
GOOSEFISH,164499,NORTH,NONE,10,"NMFS spring BTS",SPRING,1980,"Biomass (kg/tow)",1.4337,.1786,1.0378,1.8747,N,1.4337
GOOSEFISH,164499,NORTH,NONE,10,"NMFS spring BTS",SPRING,1981,"Biomass (kg/tow)",1.6691,.2012,1.1496,2.2417,N,1.6691
GOOSEFISH,164499,NORTH,NONE,10,"NMFS spring BTS",SPRING,1982,"Biomass (kg/tow)",2.9679,.2487,1.773,4.1757,N,2.9679
GOOSEFISH,164499,NORTH,NONE,10,"NMFS spring BTS",SPRING,1983,"Biomass (kg/tow)",1.5297,.3153,.8205,2.3995,N,1.5297
GOOSEFISH,164499,NORTH,NONE,10,"NMFS spring BTS",SPRING,1984,"Biomass (kg/tow)",1.5672,.2693,.8797,2.2624,N,1.5672
GOOSEFISH,164499,NORTH,NONE,10,"NMFS spring BTS",SPRING,1985,"Biomass (kg/tow)",2.1192,.213,1.4167,2.8838,N,2.1192
GOOSEFISH,164499,NORTH,NONE,10,"NMFS spring BTS",SPRING,1986,"Biomass (kg/tow)",2.1276,.2523,1.2873,3.0577,N,2.1276
GOOSEFISH,164499,NORTH,NONE,10,"NMFS spring BTS",SPRING,1987,"Biomass (kg/tow)",1.7267,.2691,.9955,2.5596,N,1.7267
GOOSEFISH,164499,NORTH,NONE,10,"NMFS spring BTS",SPRING,1988,"Biomass (kg/tow)",2.0299,.2432,1.2561,2.8647,N,2.0299
GOOSEFISH,164499,NORTH,NONE,10,"NMFS spring BTS",SPRING,1989,"Biomass (kg/tow)",1.6039,.2961,.8987,2.4068,N,1.6039
GOOSEFISH,164499,NORTH,NONE,10,"NMFS spring BTS",SPRING,1990,"Biomass (kg/tow)",1.0137,.3054,.5791,1.574,N,1.0137
GOOSEFISH,164499,NORTH,NONE,10,"NMFS spring BTS",SPRING,1991,"Biomass (kg/tow)",1.6114,.2367,1.0089,2.2906,N,1.6114
GOOSEFISH,164499,NORTH,NONE,10,"NMFS spring BTS",SPRING,1992,"Biomass (kg/tow)",.8857,.585,.2363,1.9449,N,.8857
GOOSEFISH,164499,NORTH,NONE,10,"NMFS spring BTS",SPRING,1993,"Biomass (kg/tow)",1.1566,.1869,.8104,1.5154,N,1.1566
GOOSEFISH,164499,NORTH,NONE,10,"NMFS spring BTS",SPRING,1994,"Biomass (kg/tow)",.9794,.3111,.5258,1.5274,N,.9794
GOOSEFISH,164499,NORTH,NONE,10,"NMFS spring BTS",SPRING,1995,"Biomass (kg/tow)",1.8353,.2888,1.0393,2.7462,N,1.8353
GOOSEFISH,164499,NORTH,NONE,10,"NMFS spring BTS",SPRING,1996,"Biomass (kg/tow)",.9755,.2469,.6126,1.42,N,.9755
GOOSEFISH,164499,NORTH,NONE,10,"NMFS spring BTS",SPRING,1997,"Biomass (kg/tow)",.5458,.3672,.2533,.9194,N,.5458
GOOSEFISH,164499,NORTH,NONE,10,"NMFS spring BTS",SPRING,1998,"Biomass (kg/tow)",.4448,.2753,.2534,.657,N,.4448
GOOSEFISH,164499,NORTH,NONE,10,"NMFS spring BTS",SPRING,1999,"Biomass (kg/tow)",1.1501,.191,.7988,1.5151,N,1.1501
GOOSEFISH,164499,NORTH,NONE,10,"NMFS spring BTS",SPRING,2000,"Biomass (kg/tow)",1.3992,.1886,.9629,1.8402,N,1.3992
GOOSEFISH,164499,NORTH,NONE,10,"NMFS spring BTS",SPRING,2001,"Biomass (kg/tow)",1.8514,.2799,1.0633,2.7512,N,1.8514
GOOSEFISH,164499,NORTH,NONE,10,"NMFS spring BTS",SPRING,2002,"Biomass (kg/tow)",1.927,.1317,1.5064,2.3298,N,1.927
GOOSEFISH,164499,NORTH,NONE,10,"NMFS spring BTS",SPRING,2003,"Biomass (kg/tow)",1.8735,.2056,1.3051,2.5356,N,1.8735
GOOSEFISH,164499,NORTH,NONE,10,"NMFS spring BTS",SPRING,2004,"Biomass (kg/tow)",2.2627,.2591,1.343,3.2549,N,2.2627
GOOSEFISH,164499,NORTH,NONE,10,"NMFS spring BTS",SPRING,2005,"Biomass (kg/tow)",1.4723,.2074,.9828,2.0146,N,1.4723
GOOSEFISH,164499,NORTH,NONE,10,"NMFS spring BTS",SPRING,2006,"Biomass (kg/tow)",.9303,.3787,.4166,1.5495,N,.9303
GOOSEFISH,164499,NORTH,NONE,10,"NMFS spring BTS",SPRING,2007,"Biomass (kg/tow)",1.0467,.4245,.3712,1.8101,N,1.0467
GOOSEFISH,164499,NORTH,NONE,10,"NMFS spring BTS",SPRING,2008,"Biomass (kg/tow)",1.2863,.2929,.6915,1.9267,N,1.2863
GOOSEFISH,164499,NORTH,NONE,10,"NMFS spring BTS",SPRING,2009,"Biomass (kg/tow)",.4074,.1407,.317,.5085,N,.4074
GOOSEFISH,164499,NORTH,NONE,10,"NMFS spring BTS",SPRING,2010,"Biomass (kg/tow)",.5488,.1476,.429,.6978,N,.5488
GOOSEFISH,164499,NORTH,NONE,10,"NMFS spring BTS",SPRING,2011,"Biomass (kg/tow)",.7884,.1495,.5983,.9774,N,.7884
GOOSEFISH,164499,NORTH,NONE,10,"NMFS spring BTS",SPRING,2012,"Biomass (kg/tow)",.5557,.1324,.4357,.6665,N,.5557
GOOSEFISH,164499,NORTH,NONE,10,"NMFS spring BTS",SPRING,2013,"Biomass (kg/tow)",.5389,.1025,.4492,.6334,N,.5389
GOOSEFISH,164499,NORTH,NONE,10,"NMFS spring BTS",SPRING,2014,"Biomass (kg/tow)",.5595,.163,.4096,.7114,N,.5595
GOOSEFISH,164499,NORTH,NONE,10,"NMFS spring BTS",SPRING,2015,"Biomass (kg/tow)",.683,.1647,.5135,.8737,N,.683
GOOSEFISH,164499,NORTH,NONE,10,"NMFS spring BTS",SPRING,2016,"Biomass (kg/tow)",.6694,.0806,.5818,.7588,N,.6694
GOOSEFISH,164499,NORTH,NONE,10,"NMFS spring BTS",SPRING,2017,"Biomass (kg/tow)",.9817,.1349,.7714,1.2139,N,.9817
GOOSEFISH,164499,NORTH,NONE,10,"NMFS spring BTS",SPRING,2018,"Biomass (kg/tow)",1.5277,.0676,1.3472,1.6799,N,1.5277
GOOSEFISH,164499,NORTH,NONE,10,"NMFS spring BTS",SPRING,2019,"Biomass (kg/tow)",1.1198,.0798,.9721,1.264,N,1.1198
GOOSEFISH,164499,NORTH,NONE,10,"NMFS spring BTS",SPRING,2020,"Biomass (kg/tow)",,,,,,
GOOSEFISH,164499,NORTH,NONE,10,"NMFS spring BTS",SPRING,2021,"Biomass (kg/tow)",.9202,.0831,.797,1.0444,N,.9202
GOOSEFISH,164499,NORTH,NONE,10,"NMFS spring BTS",SPRING,2022,"Biomass (kg/tow)",.946,.0908,.7957,1.0852,N,.946
GOOSEFISH,164499,NORTH,NONE,10,"NMFS spring BTS",SPRING,2023,"Biomass (kg/tow)",,,,,,
GOOSEFISH,164499,NORTH,NONE,10,"NMFS spring BTS",SPRING,2024,"Biomass (kg/tow)",1.6959,.137,1.3492,2.0915,N,1.6959
GOOSEFISH,164499,NORTH,NONE,10,"NMFS spring BTS",SPRING,2025,"Biomass (kg/tow)",1.5028,.102,1.2516,1.7499,N,1.5028
GOOSEFISH,164499,NORTH,NONE,10,"NMFS spring BTS",SPRING,2026,"Biomass (kg/tow)",1.0762,.2127,.7303,1.4666,N,1.0762
GOOSEFISH,164499,NORTH,NONE,40,"ASMFC shrimp",SUMMER,1984,"Biomass (kg/tow)",0,,0,0,N,0
GOOSEFISH,164499,NORTH,NONE,40,"ASMFC shrimp",SUMMER,1985,"Biomass (kg/tow)",5.9628,.2377,3.7952,8.4818,Y,
GOOSEFISH,164499,NORTH,NONE,40,"ASMFC shrimp",SUMMER,1986,"Biomass (kg/tow)",.801,.6471,.0656,1.5365,Y,
GOOSEFISH,164499,NORTH,NONE,40,"ASMFC shrimp",SUMMER,1987,"Biomass (kg/tow)",5.9958,.192,4.0798,7.892,Y,
GOOSEFISH,164499,NORTH,NONE,40,"ASMFC shrimp",SUMMER,1988,"Biomass (kg/tow)",0,,0,0,Y,
GOOSEFISH,164499,NORTH,NONE,40,"ASMFC shrimp",SUMMER,1989,"Biomass (kg/tow)",1.2551,.3281,.6259,1.9616,Y,
GOOSEFISH,164499,NORTH,NONE,40,"ASMFC shrimp",SUMMER,1990,"Biomass (kg/tow)",1.9566,.3003,1.053,2.929,Y,
GOOSEFISH,164499,NORTH,NONE,40,"ASMFC shrimp",SUMMER,1991,"Biomass (kg/tow)",1.8832,.1703,1.376,2.4075,Y,
GOOSEFISH,164499,NORTH,NONE,40,"ASMFC shrimp",SUMMER,1992,"Biomass (kg/tow)",2.6947,.156,2.0228,3.3727,Y,
GOOSEFISH,164499,NORTH,NONE,40,"ASMFC shrimp",SUMMER,1993,"Biomass (kg/tow)",3.0677,.2445,1.8764,4.327,Y,
GOOSEFISH,164499,NORTH,NONE,40,"ASMFC shrimp",SUMMER,1994,"Biomass (kg/tow)",1.6554,.2174,1.0991,2.2501,Y,
GOOSEFISH,164499,NORTH,NONE,40,"ASMFC shrimp",SUMMER,1995,"Biomass (kg/tow)",1.5522,.2338,.9577,2.1802,Y,
GOOSEFISH,164499,NORTH,NONE,40,"ASMFC shrimp",SUMMER,1996,"Biomass (kg/tow)",3.3552,.3069,1.8359,5.1726,Y,
GOOSEFISH,164499,NORTH,NONE,40,"ASMFC shrimp",SUMMER,1997,"Biomass (kg/tow)",2.0782,.2192,1.3335,2.8297,Y,
GOOSEFISH,164499,NORTH,NONE,40,"ASMFC shrimp",SUMMER,1998,"Biomass (kg/tow)",2.2729,.2911,1.2364,3.4406,Y,
GOOSEFISH,164499,NORTH,NONE,40,"ASMFC shrimp",SUMMER,1999,"Biomass (kg/tow)",6.5448,.0941,5.5771,7.5648,Y,
GOOSEFISH,164499,NORTH,NONE,40,"ASMFC shrimp",SUMMER,2000,"Biomass (kg/tow)",3.8384,.1495,2.8701,4.7749,Y,
GOOSEFISH,164499,NORTH,NONE,40,"ASMFC shrimp",SUMMER,2001,"Biomass (kg/tow)",7.2708,.108,6.0462,8.6119,Y,
GOOSEFISH,164499,NORTH,NONE,40,"ASMFC shrimp",SUMMER,2002,"Biomass (kg/tow)",12.4355,.1028,10.3283,14.4368,Y,
GOOSEFISH,164499,NORTH,NONE,40,"ASMFC shrimp",SUMMER,2003,"Biomass (kg/tow)",7.568,.1607,5.4962,9.4682,Y,
GOOSEFISH,164499,NORTH,NONE,40,"ASMFC shrimp",SUMMER,2004,"Biomass (kg/tow)",4.4458,.102,3.7172,5.1833,Y,
GOOSEFISH,164499,NORTH,NONE,40,"ASMFC shrimp",SUMMER,2005,"Biomass (kg/tow)",7.2547,.1383,5.6053,8.8774,Y,
GOOSEFISH,164499,NORTH,NONE,40,"ASMFC shrimp",SUMMER,2006,"Biomass (kg/tow)",6.5421,.1164,5.2725,7.7208,Y,
GOOSEFISH,164499,NORTH,NONE,40,"ASMFC shrimp",SUMMER,2007,"Biomass (kg/tow)",4.0966,.2184,2.7452,5.7559,Y,
GOOSEFISH,164499,NORTH,NONE,40,"ASMFC shrimp",SUMMER,2008,"Biomass (kg/tow)",3.7944,.1976,2.5804,5.031,Y,
GOOSEFISH,164499,NORTH,NONE,40,"ASMFC shrimp",SUMMER,2009,"Biomass (kg/tow)",3.2076,.194,2.2818,4.3116,Y,
GOOSEFISH,164499,NORTH,NONE,40,"ASMFC shrimp",SUMMER,2010,"Biomass (kg/tow)",2.7587,.2085,1.8889,3.7499,Y,
GOOSEFISH,164499,NORTH,NONE,40,"ASMFC shrimp",SUMMER,2011,"Biomass (kg/tow)",2.6623,.1519,2.0574,3.3657,Y,
GOOSEFISH,164499,NORTH,NONE,40,"ASMFC shrimp",SUMMER,2012,"Biomass (kg/tow)",3.1404,.1539,2.371,3.9857,Y,
GOOSEFISH,164499,NORTH,NONE,40,"ASMFC shrimp",SUMMER,2013,"Biomass (kg/tow)",4.0698,.1631,2.9737,5.1267,Y,
GOOSEFISH,164499,NORTH,NONE,40,"ASMFC shrimp",SUMMER,2014,"Biomass (kg/tow)",3.306,.1451,2.5308,4.1437,Y,
GOOSEFISH,164499,NORTH,NONE,40,"ASMFC shrimp",SUMMER,2015,"Biomass (kg/tow)",1.4522,.2335,.8903,1.9957,Y,
GOOSEFISH,164499,NORTH,NONE,40,"ASMFC shrimp",SUMMER,2016,"Biomass (kg/tow)",5.0142,.1298,3.9964,6.1005,Y,
GOOSEFISH,164499,NORTH,NONE,40,"ASMFC shrimp",SUMMER,2017,"Biomass (kg/tow)",4.7789,.153,3.644,6.0766,Y,
GOOSEFISH,164499,NORTH,NONE,40,"ASMFC shrimp",SUMMER,2018,"Biomass (kg/tow)",5.357,.2455,3.3488,7.6144,N,5.357
GOOSEFISH,164499,NORTH,NONE,40,"ASMFC shrimp",SUMMER,2019,"Biomass (kg/tow)",5.2087,.1297,4.1876,6.3341,Y,
GOOSEFISH,164499,NORTH,NONE,40,"ASMFC shrimp",SUMMER,2020,"Biomass (kg/tow)",,,,,,
GOOSEFISH,164499,NORTH,NONE,40,"ASMFC shrimp",SUMMER,2021,"Biomass (kg/tow)",4.5545,.1347,3.5665,5.5639,Y,
GOOSEFISH,164499,NORTH,NONE,40,"ASMFC shrimp",SUMMER,2022,"Biomass (kg/tow)",2.9964,.1558,2.2271,3.7629,Y,
GOOSEFISH,164499,NORTH,NONE,40,"ASMFC shrimp",SUMMER,2023,"Biomass (kg/tow)",3.5603,.1232,2.8695,4.3127,Y,
GOOSEFISH,164499,NORTH,NONE,40,"ASMFC shrimp",SUMMER,2024,"Biomass (kg/tow)",,,,,,
GOOSEFISH,164499,NORTH,NONE,40,"ASMFC shrimp",SUMMER,2025,"Biomass (kg/tow)",,,,,,
GOOSEFISH,164499,NORTH,NONE,40,"ASMFC shrimp",SUMMER,2026,"Biomass (kg/tow)",,,,,,
